node_id,reviewer_id,first_cycle,second_cycle,residu,category,first_sentiment_score,second_sentiment_score,overall_sentiment_score,first_rating,second_rating,overall_rating
0,1,normal,situation,"{'transaction', 'substance', 'someone', 'everyone', 'clear', 'spit'}",place and service,1.0,0.36666666666666664,0.3671497584541063,1.6666666666666667,1.6,1.893719806763285
1,1,other,other,"{'transaction', 'substance', 'someone', 'everyone', 'clear', 'spit'}",other,1.0,0.8359375,0.8359375,2.094736842105263,1.953125,1.953125
2,2,mcdonalds,place,{'atmosphere'},place and service,0.5,0.3958333333333333,0.3671497584541063,1.75,1.8958333333333333,1.893719806763285
3,2,food,food,{'atmosphere'},food and drink,0.5,0.3516483516483517,0.3739130434782609,2.7,2.0549450549450547,2.0
4,2,staff,service,{'atmosphere'},place and service,0.46153846153846156,0.35353535353535354,0.3671497584541063,2.6153846153846154,2.0707070707070705,1.893719806763285
5,2,other,other,{'atmosphere'},other,1.0,0.8359375,0.8359375,2.094736842105263,1.953125,1.953125
6,3,order,food,"{'refund', 'money', 'mobile'}",food and drink,0.23333333333333334,0.3516483516483517,0.3739130434782609,1.9,2.0549450549450547,2.0
7,3,line,situation,"{'refund', 'money', 'mobile'}",place and service,0.25,0.36666666666666664,0.3671497584541063,1.75,1.6,1.893719806763285
8,3,other,other,"{'refund', 'money', 'mobile'}",other,1.0,0.8359375,0.8359375,2.094736842105263,1.953125,1.953125
9,4,service,service,{'crispy'},place and service,0.4375,0.35353535353535354,0.3671497584541063,2.625,2.0707070707070705,1.893719806763285
10,4,sandwich,food,{'crispy'},food and drink,0.0,0.3516483516483517,0.3739130434782609,3.0,2.0549450549450547,2.0
11,4,chicken,food,{'crispy'},food and drink,0.0,0.3516483516483517,0.3739130434782609,2.6666666666666665,2.0549450549450547,2.0
12,4,customer,service,{'crispy'},place and service,0.42857142857142855,0.35353535353535354,0.3671497584541063,2.5714285714285716,2.0707070707070705,1.893719806763285
13,4,other,other,{'crispy'},other,1.0,0.8359375,0.8359375,2.094736842105263,1.953125,1.953125
14,5,fry,food,"{'filet', 'close', 'english', 'attention', 'double'}",food and drink,0.45454545454545453,0.3516483516483517,0.3739130434782609,1.8181818181818181,2.0549450549450547,2.0
15,5,large,situation,"{'filet', 'close', 'english', 'attention', 'double'}",place and service,0.8,0.36666666666666664,0.3671497584541063,1.0,1.6,1.893719806763285
16,5,meal,food,"{'filet', 'close', 'english', 'attention', 'double'}",food and drink,0.7142857142857143,0.3516483516483517,0.3739130434782609,1.2857142857142858,2.0549450549450547,2.0
17,5,other,other,"{'filet', 'close', 'english', 'attention', 'double'}",other,1.0,0.8359375,0.8359375,2.094736842105263,1.953125,1.953125
18,5,order,food,"{'filet', 'close', 'english', 'attention', 'double'}",food and drink,0.23333333333333334,0.3516483516483517,0.3739130434782609,1.9,2.0549450549450547,2.0
19,6,long,situation,"{'door', 'covid', 'dash'}",place and service,0.2,0.36666666666666664,0.3671497584541063,1.6,1.6,1.893719806763285
20,6,job,other,"{'door', 'covid', 'dash'}",other,0.75,0.8359375,0.8359375,2.0,1.953125,1.953125
21,6,other,other,"{'door', 'covid', 'dash'}",other,1.0,0.8359375,0.8359375,2.094736842105263,1.953125,1.953125
22,6,line,situation,"{'door', 'covid', 'dash'}",place and service,0.25,0.36666666666666664,0.3671497584541063,1.75,1.6,1.893719806763285
23,6,new,other,"{'door', 'covid', 'dash'}",other,0.75,0.8359375,0.8359375,2.0,1.953125,1.953125
24,7,location,place,"{'simple', 'hamburg', 'cooky', 'home'}",place and service,0.2727272727272727,0.3958333333333333,0.3671497584541063,2.1818181818181817,1.8958333333333333,1.893719806763285
25,7,location,service,"{'simple', 'hamburg', 'cooky', 'home'}",place and service,0.2727272727272727,0.35353535353535354,0.3671497584541063,2.1818181818181817,2.0707070707070705,1.893719806763285
26,7,service,service,"{'simple', 'hamburg', 'cooky', 'home'}",place and service,0.4375,0.35353535353535354,0.3671497584541063,2.625,2.0707070707070705,1.893719806763285
27,7,customer,service,"{'simple', 'hamburg', 'cooky', 'home'}",place and service,0.42857142857142855,0.35353535353535354,0.3671497584541063,2.5714285714285716,2.0707070707070705,1.893719806763285
28,7,other,other,"{'simple', 'hamburg', 'cooky', 'home'}",other,1.0,0.8359375,0.8359375,2.094736842105263,1.953125,1.953125
29,7,regular,situation,"{'simple', 'hamburg', 'cooky', 'home'}",place and service,0.5,0.36666666666666664,0.3671497584541063,2.0,1.6,1.893719806763285
30,7,regular,service,"{'simple', 'hamburg', 'cooky', 'home'}",place and service,0.5,0.35353535353535354,0.3671497584541063,2.0,2.0707070707070705,1.893719806763285
31,7,order,food,"{'simple', 'hamburg', 'cooky', 'home'}",food and drink,0.23333333333333334,0.3516483516483517,0.3739130434782609,1.9,2.0549450549450547,2.0
32,8,cup,drink,"{'full', 'w'}",food and drink,0.5,0.4583333333333333,0.3739130434782609,1.0,1.7916666666666667,2.0
33,8,coffee,drink,"{'full', 'w'}",food and drink,1.0,0.4583333333333333,0.3739130434782609,2.3333333333333335,1.7916666666666667,2.0
34,8,large,situation,"{'full', 'w'}",place and service,0.8,0.36666666666666664,0.3671497584541063,1.0,1.6,1.893719806763285
35,8,other,other,"{'full', 'w'}",other,1.0,0.8359375,0.8359375,2.094736842105263,1.953125,1.953125
36,9,extra,other,"{'hard', 'sauce', 'piece'}",other,0.25,0.8359375,0.8359375,1.0,1.953125,1.953125
37,9,lady,service,"{'hard', 'sauce', 'piece'}",place and service,0.16666666666666666,0.35353535353535354,0.3671497584541063,1.3333333333333333,2.0707070707070705,1.893719806763285
38,9,restaurant,place,"{'hard', 'sauce', 'piece'}",place and service,0.3333333333333333,0.3958333333333333,0.3671497584541063,2.0,1.8958333333333333,1.893719806763285
39,9,nugget,food,"{'hard', 'sauce', 'piece'}",food and drink,0.0,0.3516483516483517,0.3739130434782609,1.6666666666666667,2.0549450549450547,2.0
40,9,other,other,"{'hard', 'sauce', 'piece'}",other,1.0,0.8359375,0.8359375,2.094736842105263,1.953125,1.953125
41,9,order,food,"{'hard', 'sauce', 'piece'}",food and drink,0.23333333333333334,0.3516483516483517,0.3739130434782609,1.9,2.0549450549450547,2.0
42,9,time,service,"{'hard', 'sauce', 'piece'}",place and service,0.3,0.35353535353535354,0.3671497584541063,1.4,2.0707070707070705,1.893719806763285
43,10,people,situation,"{'quality', 'mcds'}",place and service,0.4,0.36666666666666664,0.3671497584541063,3.0,1.6,1.893719806763285
44,10,service,service,"{'quality', 'mcds'}",place and service,0.4375,0.35353535353535354,0.3671497584541063,2.625,2.0707070707070705,1.893719806763285
45,10,best,emotion,"{'quality', 'mcds'}",sentiment,1.0,0.6538461538461539,0.6538461538461539,4.0,2.6153846153846154,2.6153846153846154
46,10,other,other,"{'quality', 'mcds'}",other,1.0,0.8359375,0.8359375,2.094736842105263,1.953125,1.953125
47,11,mcdonald,place,"{'globe', 'effort', 'golden', 'series'}",place and service,0.3333333333333333,0.3958333333333333,0.3671497584541063,1.3333333333333333,1.8958333333333333,1.893719806763285
48,11,mcdonalds,place,"{'globe', 'effort', 'golden', 'series'}",place and service,0.5,0.3958333333333333,0.3671497584541063,1.75,1.8958333333333333,1.893719806763285
49,11,other,other,"{'globe', 'effort', 'golden', 'series'}",other,1.0,0.8359375,0.8359375,2.094736842105263,1.953125,1.953125
50,12,lady,service,"{'husband', 'task'}",place and service,0.16666666666666666,0.35353535353535354,0.3671497584541063,1.3333333333333333,2.0707070707070705,1.893719806763285
51,12,food,food,"{'husband', 'task'}",food and drink,0.5,0.3516483516483517,0.3739130434782609,2.7,2.0549450549450547,2.0
52,12,item,food,"{'husband', 'task'}",food and drink,0.4,0.3516483516483517,0.3739130434782609,1.4,2.0549450549450547,2.0
53,12,item,drink,"{'husband', 'task'}",food and drink,0.4,0.4583333333333333,0.3739130434782609,1.4,1.7916666666666667,2.0
54,12,other,other,"{'husband', 'task'}",other,1.0,0.8359375,0.8359375,2.094736842105263,1.953125,1.953125
55,12,order,food,"{'husband', 'task'}",food and drink,0.23333333333333334,0.3516483516483517,0.3739130434782609,1.9,2.0549450549450547,2.0
56,13,car,place,"{'morning', 'different'}",place and service,0.0,0.3958333333333333,0.3671497584541063,1.0,1.8958333333333333,1.893719806763285
57,13,crew,service,"{'morning', 'different'}",place and service,1.0,0.35353535353535354,0.3671497584541063,2.5,2.0707070707070705,1.893719806763285
58,13,long,situation,"{'morning', 'different'}",place and service,0.2,0.36666666666666664,0.3671497584541063,1.6,1.6,1.893719806763285
59,13,hour,situation,"{'morning', 'different'}",place and service,0.2,0.36666666666666664,0.3671497584541063,2.0,1.6,1.893719806763285
60,13,night,situation,"{'morning', 'different'}",place and service,0.5,0.36666666666666664,0.3671497584541063,1.0,1.6,1.893719806763285
61,13,staff,service,"{'morning', 'different'}",place and service,0.46153846153846156,0.35353535353535354,0.3671497584541063,2.6153846153846154,2.0707070707070705,1.893719806763285
62,13,other,other,"{'morning', 'different'}",other,1.0,0.8359375,0.8359375,2.094736842105263,1.953125,1.953125
63,13,wait,situation,"{'morning', 'different'}",place and service,0.2,0.36666666666666664,0.3671497584541063,1.0,1.6,1.893719806763285
64,13,line,situation,"{'morning', 'different'}",place and service,0.25,0.36666666666666664,0.3671497584541063,1.75,1.6,1.893719806763285
65,13,experience,service,"{'morning', 'different'}",place and service,0.3333333333333333,0.35353535353535354,0.3671497584541063,1.0,2.0707070707070705,1.893719806763285
66,14,regular,situation,"{'thing', 'breakfast', 'condiment', '#', 'cake', 'big', 'full', 'hot'}",place and service,0.5,0.36666666666666664,0.3671497584541063,2.0,1.6,1.893719806763285
67,14,regular,service,"{'thing', 'breakfast', 'condiment', '#', 'cake', 'big', 'full', 'hot'}",place and service,0.5,0.35353535353535354,0.3671497584541063,2.0,2.0707070707070705,1.893719806763285
68,14,order,food,"{'thing', 'breakfast', 'condiment', '#', 'cake', 'big', 'full', 'hot'}",food and drink,0.23333333333333334,0.3516483516483517,0.3739130434782609,1.9,2.0549450549450547,2.0
69,14,restaurant,place,"{'thing', 'breakfast', 'condiment', '#', 'cake', 'big', 'full', 'hot'}",place and service,0.3333333333333333,0.3958333333333333,0.3671497584541063,2.0,1.8958333333333333,1.893719806763285
70,14,other,other,"{'thing', 'breakfast', 'condiment', '#', 'cake', 'big', 'full', 'hot'}",other,1.0,0.8359375,0.8359375,2.094736842105263,1.953125,1.953125
71,15,lid,other,"{'part', 'poor', 'girl', 'hand'}",other,0.0,0.8359375,0.8359375,1.0,1.953125,1.953125
72,15,drink,drink,"{'part', 'poor', 'girl', 'hand'}",food and drink,0.16666666666666666,0.4583333333333333,0.3739130434782609,1.3333333333333333,1.7916666666666667,2.0
73,15,food,food,"{'part', 'poor', 'girl', 'hand'}",food and drink,0.5,0.3516483516483517,0.3739130434782609,2.7,2.0549450549450547,2.0
74,15,service,service,"{'part', 'poor', 'girl', 'hand'}",place and service,0.4375,0.35353535353535354,0.3671497584541063,2.625,2.0707070707070705,1.893719806763285
75,15,burger,food,"{'part', 'poor', 'girl', 'hand'}",food and drink,0.3333333333333333,0.3516483516483517,0.3739130434782609,1.0,2.0549450549450547,2.0
76,15,wrong,situation,"{'part', 'poor', 'girl', 'hand'}",place and service,0.0,0.36666666666666664,0.3671497584541063,1.0,1.6,1.893719806763285
77,15,other,other,"{'part', 'poor', 'girl', 'hand'}",other,1.0,0.8359375,0.8359375,2.094736842105263,1.953125,1.953125
78,15,order,food,"{'part', 'poor', 'girl', 'hand'}",food and drink,0.23333333333333334,0.3516483516483517,0.3739130434782609,1.9,2.0549450549450547,2.0
79,15,cup,drink,"{'part', 'poor', 'girl', 'hand'}",food and drink,0.5,0.4583333333333333,0.3739130434782609,1.0,1.7916666666666667,2.0
80,16,minute,situation,{'table'},place and service,0.3333333333333333,0.36666666666666664,0.3671497584541063,1.3333333333333333,1.6,1.893719806763285
81,16,food,food,{'table'},food and drink,0.5,0.3516483516483517,0.3739130434782609,2.7,2.0549450549450547,2.0
82,16,sandwich,food,{'table'},food and drink,0.0,0.3516483516483517,0.3739130434782609,3.0,2.0549450549450547,2.0
83,16,restaurant,place,{'table'},place and service,0.3333333333333333,0.3958333333333333,0.3671497584541063,2.0,1.8958333333333333,1.893719806763285
84,16,chicken,food,{'table'},food and drink,0.0,0.3516483516483517,0.3739130434782609,2.6666666666666665,2.0549450549450547,2.0
85,16,other,other,{'table'},other,1.0,0.8359375,0.8359375,2.094736842105263,1.953125,1.953125
86,17,cream,food,"{'cinnabun', 'substitute', 'strawberry', 'pie', 'apple'}",food and drink,0.5,0.3516483516483517,0.3739130434782609,2.75,2.0549450549450547,2.0
87,17,cream,drink,"{'cinnabun', 'substitute', 'strawberry', 'pie', 'apple'}",food and drink,0.5,0.4583333333333333,0.3739130434782609,2.75,1.7916666666666667,2.0
88,17,staff,service,"{'cinnabun', 'substitute', 'strawberry', 'pie', 'apple'}",place and service,0.46153846153846156,0.35353535353535354,0.3671497584541063,2.6153846153846154,2.0707070707070705,1.893719806763285
89,17,other,other,"{'cinnabun', 'substitute', 'strawberry', 'pie', 'apple'}",other,1.0,0.8359375,0.8359375,2.094736842105263,1.953125,1.953125
90,18,bag,other,{'boy'},other,0.3333333333333333,0.8359375,0.8359375,1.3333333333333333,1.953125,1.953125
91,18,drink,drink,{'boy'},food and drink,0.16666666666666666,0.4583333333333333,0.3739130434782609,1.3333333333333333,1.7916666666666667,2.0
92,18,other,other,{'boy'},other,1.0,0.8359375,0.8359375,2.094736842105263,1.953125,1.953125
93,19,other,other,"{'straight', 'hash', 'strawberry', 'smoothie', 'fact', 'water', 'banana', 'disappointed', 'smh', 'smoothy'}",other,1.0,0.8359375,0.8359375,2.094736842105263,1.953125,1.953125
94,19,ice,drink,"{'straight', 'hash', 'strawberry', 'smoothie', 'fact', 'water', 'banana', 'disappointed', 'smh', 'smoothy'}",food and drink,0.5,0.4583333333333333,0.3739130434782609,2.0,1.7916666666666667,2.0
95,19,taste,other,"{'straight', 'hash', 'strawberry', 'smoothie', 'fact', 'water', 'banana', 'disappointed', 'smh', 'smoothy'}",other,0.3333333333333333,0.8359375,0.8359375,2.0,1.953125,1.953125
96,20,order,food,"{'learning', 'perpetual', 'lobby'}",food and drink,0.23333333333333334,0.3516483516483517,0.3739130434782609,1.9,2.0549450549450547,2.0
97,20,staff,service,"{'learning', 'perpetual', 'lobby'}",place and service,0.46153846153846156,0.35353535353535354,0.3671497584541063,2.6153846153846154,2.0707070707070705,1.893719806763285
98,20,other,other,"{'learning', 'perpetual', 'lobby'}",other,1.0,0.8359375,0.8359375,2.094736842105263,1.953125,1.953125
99,21,car,place,"{'rush', 'taker', 'take', 'name', 'more', 'other'}",place and service,0.0,0.3958333333333333,0.3671497584541063,1.0,1.8958333333333333,1.893719806763285
100,21,place,place,"{'rush', 'taker', 'take', 'name', 'more', 'other'}",place and service,0.625,0.3958333333333333,0.3671497584541063,2.75,1.8958333333333333,1.893719806763285
101,21,item,food,"{'rush', 'taker', 'take', 'name', 'more', 'other'}",food and drink,0.4,0.3516483516483517,0.3739130434782609,1.4,2.0549450549450547,2.0
102,21,item,drink,"{'rush', 'taker', 'take', 'name', 'more', 'other'}",food and drink,0.4,0.4583333333333333,0.3739130434782609,1.4,1.7916666666666667,2.0
103,21,other,other,"{'rush', 'taker', 'take', 'name', 'more', 'other'}",other,1.0,0.8359375,0.8359375,2.094736842105263,1.953125,1.953125
104,21,order,food,"{'rush', 'taker', 'take', 'name', 'more', 'other'}",food and drink,0.23333333333333334,0.3516483516483517,0.3739130434782609,1.9,2.0549450549450547,2.0
105,21,experience,service,"{'rush', 'taker', 'take', 'name', 'more', 'other'}",place and service,0.3333333333333333,0.35353535353535354,0.3671497584541063,1.0,2.0707070707070705,1.893719806763285
106,22,fry,food,"{'morning', 'past', 'year', 'evening'}",food and drink,0.45454545454545453,0.3516483516483517,0.3739130434782609,1.8181818181818181,2.0549450549450547,2.0
107,22,staff,service,"{'morning', 'past', 'year', 'evening'}",place and service,0.46153846153846156,0.35353535353535354,0.3671497584541063,2.6153846153846154,2.0707070707070705,1.893719806763285
108,22,large,situation,"{'morning', 'past', 'year', 'evening'}",place and service,0.8,0.36666666666666664,0.3671497584541063,1.0,1.6,1.893719806763285
109,22,other,other,"{'morning', 'past', 'year', 'evening'}",other,1.0,0.8359375,0.8359375,2.094736842105263,1.953125,1.953125
110,22,order,food,"{'morning', 'past', 'year', 'evening'}",food and drink,0.23333333333333334,0.3516483516483517,0.3739130434782609,1.9,2.0549450549450547,2.0
111,22,lot,other,"{'morning', 'past', 'year', 'evening'}",other,0.3333333333333333,0.8359375,0.8359375,2.6666666666666665,1.953125,1.953125
112,23,staff,service,{'caffeine'},place and service,0.46153846153846156,0.35353535353535354,0.3671497584541063,2.6153846153846154,2.0707070707070705,1.893719806763285
113,23,drink,drink,{'caffeine'},food and drink,0.16666666666666666,0.4583333333333333,0.3739130434782609,1.3333333333333333,1.7916666666666667,2.0
114,23,other,other,{'caffeine'},other,1.0,0.8359375,0.8359375,2.094736842105263,1.953125,1.953125
115,24,bad,emotion,"{'microwave', 'cold'}",sentiment,0.0,0.6538461538461539,0.6538461538461539,1.6666666666666667,2.6153846153846154,2.6153846153846154
116,24,minute,situation,"{'microwave', 'cold'}",place and service,0.3333333333333333,0.36666666666666664,0.3671497584541063,1.3333333333333333,1.6,1.893719806763285
117,24,fry,food,"{'microwave', 'cold'}",food and drink,0.45454545454545453,0.3516483516483517,0.3739130434782609,1.8181818181818181,2.0549450549450547,2.0
118,24,nugget,food,"{'microwave', 'cold'}",food and drink,0.0,0.3516483516483517,0.3739130434782609,1.6666666666666667,2.0549450549450547,2.0
119,24,meal,food,"{'microwave', 'cold'}",food and drink,0.7142857142857143,0.3516483516483517,0.3739130434782609,1.2857142857142858,2.0549450549450547,2.0
120,24,other,other,"{'microwave', 'cold'}",other,1.0,0.8359375,0.8359375,2.094736842105263,1.953125,1.953125
121,24,wait,situation,"{'microwave', 'cold'}",place and service,0.2,0.36666666666666664,0.3671497584541063,1.0,1.6,1.893719806763285
122,25,other,other,{'card'},other,1.0,0.8359375,0.8359375,2.094736842105263,1.953125,1.953125
123,26,cream,food,"{'broken', 'machine', 'reply'}",food and drink,0.5,0.3516483516483517,0.3739130434782609,2.75,2.0549450549450547,2.0
124,26,cream,drink,"{'broken', 'machine', 'reply'}",food and drink,0.5,0.4583333333333333,0.3739130434782609,2.75,1.7916666666666667,2.0
125,26,ice,drink,"{'broken', 'machine', 'reply'}",food and drink,0.5,0.4583333333333333,0.3739130434782609,2.0,1.7916666666666667,2.0
126,26,lady,service,"{'broken', 'machine', 'reply'}",place and service,0.16666666666666666,0.35353535353535354,0.3671497584541063,1.3333333333333333,2.0707070707070705,1.893719806763285
127,26,mcdonalds,place,"{'broken', 'machine', 'reply'}",place and service,0.5,0.3958333333333333,0.3671497584541063,1.75,1.8958333333333333,1.893719806763285
128,26,other,other,"{'broken', 'machine', 'reply'}",other,1.0,0.8359375,0.8359375,2.094736842105263,1.953125,1.953125
129,27,other,other,"{'everything', 'clean'}",other,1.0,0.8359375,0.8359375,2.094736842105263,1.953125,1.953125
130,27,manager,service,"{'everything', 'clean'}",place and service,0.42857142857142855,0.35353535353535354,0.3671497584541063,2.2857142857142856,2.0707070707070705,1.893719806763285
131,27,staff,service,"{'everything', 'clean'}",place and service,0.46153846153846156,0.35353535353535354,0.3671497584541063,2.6153846153846154,2.0707070707070705,1.893719806763285
132,27,great,emotion,"{'everything', 'clean'}",sentiment,1.0,0.6538461538461539,0.6538461538461539,3.5,2.6153846153846154,2.6153846153846154
133,28,other,other,"{'snapshot', 'travel', 'visit', 'friday', 'shot', 'photo', 'cnn', 'ireporter', 'cnn.com', 'ireport.com/travel', 'week', 'gallery', 'weekly'}",other,1.0,0.8359375,0.8359375,2.094736842105263,1.953125,1.953125
134,28,best,emotion,"{'snapshot', 'travel', 'visit', 'friday', 'shot', 'photo', 'cnn', 'ireporter', 'cnn.com', 'ireport.com/travel', 'week', 'gallery', 'weekly'}",sentiment,1.0,0.6538461538461539,0.6538461538461539,4.0,2.6153846153846154,2.6153846153846154
135,28,next,other,"{'snapshot', 'travel', 'visit', 'friday', 'shot', 'photo', 'cnn', 'ireporter', 'cnn.com', 'ireport.com/travel', 'week', 'gallery', 'weekly'}",other,0.5,0.8359375,0.8359375,1.5,1.953125,1.953125
136,28,new,other,"{'snapshot', 'travel', 'visit', 'friday', 'shot', 'photo', 'cnn', 'ireporter', 'cnn.com', 'ireport.com/travel', 'week', 'gallery', 'weekly'}",other,0.75,0.8359375,0.8359375,2.0,1.953125,1.953125
137,29,service,service,"{'lazy', 'unqualified'}",place and service,0.4375,0.35353535353535354,0.3671497584541063,2.625,2.0707070707070705,1.893719806763285
138,29,people,situation,"{'lazy', 'unqualified'}",place and service,0.4,0.36666666666666664,0.3671497584541063,3.0,1.6,1.893719806763285
139,29,employee,service,"{'lazy', 'unqualified'}",place and service,0.3333333333333333,0.35353535353535354,0.3671497584541063,1.6666666666666667,2.0707070707070705,1.893719806763285
140,29,other,other,"{'lazy', 'unqualified'}",other,1.0,0.8359375,0.8359375,2.094736842105263,1.953125,1.953125
141,29,horrible,emotion,"{'lazy', 'unqualified'}",sentiment,0.0,0.6538461538461539,0.6538461538461539,1.0,2.6153846153846154,2.6153846153846154
142,30,time,service,"{'sausage', 'biscuit', 'last', 'plain', 'pounder', 'double', 'quarter'}",place and service,0.3,0.35353535353535354,0.3671497584541063,1.4,2.0707070707070705,1.893719806763285
143,30,other,other,"{'sausage', 'biscuit', 'last', 'plain', 'pounder', 'double', 'quarter'}",other,1.0,0.8359375,0.8359375,2.094736842105263,1.953125,1.953125
144,31,wait,situation,"{'sarcasm', 'mocha', 'caramel', 'room', 'temperature'}",place and service,0.2,0.36666666666666664,0.3671497584541063,1.0,1.6,1.893719806763285
145,31,minute,situation,"{'sarcasm', 'mocha', 'caramel', 'room', 'temperature'}",place and service,0.3333333333333333,0.36666666666666664,0.3671497584541063,1.3333333333333333,1.6,1.893719806763285
146,31,other,other,"{'sarcasm', 'mocha', 'caramel', 'room', 'temperature'}",other,1.0,0.8359375,0.8359375,2.094736842105263,1.953125,1.953125
147,32,location,place,"{'dinner', 'parking'}",place and service,0.2727272727272727,0.3958333333333333,0.3671497584541063,2.1818181818181817,1.8958333333333333,1.893719806763285
148,32,location,service,"{'dinner', 'parking'}",place and service,0.2727272727272727,0.35353535353535354,0.3671497584541063,2.1818181818181817,2.0707070707070705,1.893719806763285
149,32,minute,situation,"{'dinner', 'parking'}",place and service,0.3333333333333333,0.36666666666666664,0.3671497584541063,1.3333333333333333,1.6,1.893719806763285
150,32,food,food,"{'dinner', 'parking'}",food and drink,0.5,0.3516483516483517,0.3739130434782609,2.7,2.0549450549450547,2.0
151,32,people,situation,"{'dinner', 'parking'}",place and service,0.4,0.36666666666666664,0.3671497584541063,3.0,1.6,1.893719806763285
152,32,other,other,"{'dinner', 'parking'}",other,1.0,0.8359375,0.8359375,2.094736842105263,1.953125,1.953125
153,32,order,food,"{'dinner', 'parking'}",food and drink,0.23333333333333334,0.3516483516483517,0.3739130434782609,1.9,2.0549450549450547,2.0
154,32,lot,other,"{'dinner', 'parking'}",other,0.3333333333333333,0.8359375,0.8359375,2.6666666666666665,1.953125,1.953125
155,33,pickle,food,"{'advertised', 'thing', 'usual'}",food and drink,0.0,0.3516483516483517,0.3739130434782609,1.0,2.0549450549450547,2.0
156,33,extra,other,"{'advertised', 'thing', 'usual'}",other,0.25,0.8359375,0.8359375,1.0,1.953125,1.953125
157,33,price,service,"{'advertised', 'thing', 'usual'}",place and service,0.3333333333333333,0.35353535353535354,0.3671497584541063,3.0,2.0707070707070705,1.893719806763285
158,33,other,other,"{'advertised', 'thing', 'usual'}",other,1.0,0.8359375,0.8359375,2.094736842105263,1.953125,1.953125
159,34,minute,situation,"{'24/7', 'open', 'anyone', 'seat', 'accord'}",place and service,0.3333333333333333,0.36666666666666664,0.3671497584541063,1.3333333333333333,1.6,1.893719806763285
160,34,employee,service,"{'24/7', 'open', 'anyone', 'seat', 'accord'}",place and service,0.3333333333333333,0.35353535353535354,0.3671497584541063,1.6666666666666667,2.0707070707070705,1.893719806763285
161,34,window,place,"{'24/7', 'open', 'anyone', 'seat', 'accord'}",place and service,0.2857142857142857,0.3958333333333333,0.3671497584541063,1.1428571428571428,1.8958333333333333,1.893719806763285
162,34,other,other,"{'24/7', 'open', 'anyone', 'seat', 'accord'}",other,1.0,0.8359375,0.8359375,2.094736842105263,1.953125,1.953125
163,34,wait,situation,"{'24/7', 'open', 'anyone', 'seat', 'accord'}",place and service,0.2,0.36666666666666664,0.3671497584541063,1.0,1.6,1.893719806763285
164,35,service,service,{'everything'},place and service,0.4375,0.35353535353535354,0.3671497584541063,2.625,2.0707070707070705,1.893719806763285
165,35,other,other,{'everything'},other,1.0,0.8359375,0.8359375,2.094736842105263,1.953125,1.953125
166,36,horrible,emotion,"{'eduardo', 'delgado', 'general', 'manger', 'omar'}",sentiment,0.0,0.6538461538461539,0.6538461538461539,1.0,2.6153846153846154,2.6153846153846154
167,36,location,place,"{'eduardo', 'delgado', 'general', 'manger', 'omar'}",place and service,0.2727272727272727,0.3958333333333333,0.3671497584541063,2.1818181818181817,1.8958333333333333,1.893719806763285
168,36,location,service,"{'eduardo', 'delgado', 'general', 'manger', 'omar'}",place and service,0.2727272727272727,0.35353535353535354,0.3671497584541063,2.1818181818181817,2.0707070707070705,1.893719806763285
169,36,store,place,"{'eduardo', 'delgado', 'general', 'manger', 'omar'}",place and service,0.5,0.3958333333333333,0.3671497584541063,2.0,1.8958333333333333,1.893719806763285
170,36,other,other,"{'eduardo', 'delgado', 'general', 'manger', 'omar'}",other,1.0,0.8359375,0.8359375,2.094736842105263,1.953125,1.953125
171,37,long,situation,"{'third', 'ups'}",place and service,0.2,0.36666666666666664,0.3671497584541063,1.6,1.6,1.893719806763285
172,37,3rd,other,"{'third', 'ups'}",other,0.0,0.8359375,0.8359375,1.0,1.953125,1.953125
173,37,other,other,"{'third', 'ups'}",other,1.0,0.8359375,0.8359375,2.094736842105263,1.953125,1.953125
174,37,line,situation,"{'third', 'ups'}",place and service,0.25,0.36666666666666664,0.3671497584541063,1.75,1.6,1.893719806763285
175,37,time,service,"{'third', 'ups'}",place and service,0.3,0.35353535353535354,0.3671497584541063,1.4,2.0707070707070705,1.893719806763285
176,38,staff,service,{'centre'},place and service,0.46153846153846156,0.35353535353535354,0.3671497584541063,2.6153846153846154,2.0707070707070705,1.893719806763285
177,38,job,other,{'centre'},other,0.75,0.8359375,0.8359375,2.0,1.953125,1.953125
178,38,other,other,{'centre'},other,1.0,0.8359375,0.8359375,2.094736842105263,1.953125,1.953125
179,39,food,food,{'awesome'},food and drink,0.5,0.3516483516483517,0.3739130434782609,2.7,2.0549450549450547,2.0
180,39,service,service,{'awesome'},place and service,0.4375,0.35353535353535354,0.3671497584541063,2.625,2.0707070707070705,1.893719806763285
181,39,other,other,{'awesome'},other,1.0,0.8359375,0.8359375,2.094736842105263,1.953125,1.953125
182,40,sandwich,food,"{'pay', 'spicey', 'crispy', 'deluxe'}",food and drink,0.0,0.3516483516483517,0.3739130434782609,3.0,2.0549450549450547,2.0
183,40,fry,food,"{'pay', 'spicey', 'crispy', 'deluxe'}",food and drink,0.45454545454545453,0.3516483516483517,0.3739130434782609,1.8181818181818181,2.0549450549450547,2.0
184,40,window,place,"{'pay', 'spicey', 'crispy', 'deluxe'}",place and service,0.2857142857142857,0.3958333333333333,0.3671497584541063,1.1428571428571428,1.8958333333333333,1.893719806763285
185,40,large,situation,"{'pay', 'spicey', 'crispy', 'deluxe'}",place and service,0.8,0.36666666666666664,0.3671497584541063,1.0,1.6,1.893719806763285
186,40,chicken,food,"{'pay', 'spicey', 'crispy', 'deluxe'}",food and drink,0.0,0.3516483516483517,0.3739130434782609,2.6666666666666665,2.0549450549450547,2.0
187,40,other,other,"{'pay', 'spicey', 'crispy', 'deluxe'}",other,1.0,0.8359375,0.8359375,2.094736842105263,1.953125,1.953125
188,41,minute,situation,"{'disgust', 'few', 'menu', 'br', 'id'}",place and service,0.3333333333333333,0.36666666666666664,0.3671497584541063,1.3333333333333333,1.6,1.893719806763285
189,41,order,food,"{'disgust', 'few', 'menu', 'br', 'id'}",food and drink,0.23333333333333334,0.3516483516483517,0.3739130434782609,1.9,2.0549450549450547,2.0
190,41,normal,situation,"{'disgust', 'few', 'menu', 'br', 'id'}",place and service,1.0,0.36666666666666664,0.3671497584541063,1.6666666666666667,1.6,1.893719806763285
191,41,other,other,"{'disgust', 'few', 'menu', 'br', 'id'}",other,1.0,0.8359375,0.8359375,2.094736842105263,1.953125,1.953125
192,42,mcdonald,place,"{'worst', 'leadership'}",place and service,0.3333333333333333,0.3958333333333333,0.3671497584541063,1.3333333333333333,1.8958333333333333,1.893719806763285
193,42,bad,emotion,"{'worst', 'leadership'}",sentiment,0.0,0.6538461538461539,0.6538461538461539,1.6666666666666667,2.6153846153846154,2.6153846153846154
194,42,drive,place,"{'worst', 'leadership'}",place and service,0.5,0.3958333333333333,0.3671497584541063,1.75,1.8958333333333333,1.893719806763285
195,42,other,other,"{'worst', 'leadership'}",other,1.0,0.8359375,0.8359375,2.094736842105263,1.953125,1.953125
196,42,order,food,"{'worst', 'leadership'}",food and drink,0.23333333333333334,0.3516483516483517,0.3739130434782609,1.9,2.0549450549450547,2.0
197,43,food,food,"{'system', 'deal', 'girlfriend', 'tonight', 'mobile'}",food and drink,0.5,0.3516483516483517,0.3739130434782609,2.7,2.0549450549450547,2.0
198,43,taste,other,"{'system', 'deal', 'girlfriend', 'tonight', 'mobile'}",other,0.3333333333333333,0.8359375,0.8359375,2.0,1.953125,1.953125
199,43,good,emotion,"{'system', 'deal', 'girlfriend', 'tonight', 'mobile'}",sentiment,1.0,0.6538461538461539,0.6538461538461539,3.6,2.6153846153846154,2.6153846153846154
200,43,other,other,"{'system', 'deal', 'girlfriend', 'tonight', 'mobile'}",other,1.0,0.8359375,0.8359375,2.094736842105263,1.953125,1.953125
201,43,order,food,"{'system', 'deal', 'girlfriend', 'tonight', 'mobile'}",food and drink,0.23333333333333334,0.3516483516483517,0.3739130434782609,1.9,2.0549450549450547,2.0
202,44,food,food,"{'few', 'year'}",food and drink,0.5,0.3516483516483517,0.3739130434782609,2.7,2.0549450549450547,2.0
203,44,other,other,"{'few', 'year'}",other,1.0,0.8359375,0.8359375,2.094736842105263,1.953125,1.953125
204,45,employee,service,set(),place and service,0.3333333333333333,0.35353535353535354,0.3671497584541063,1.6666666666666667,2.0707070707070705,1.893719806763285
205,45,drink,drink,set(),food and drink,0.16666666666666666,0.4583333333333333,0.3739130434782609,1.3333333333333333,1.7916666666666667,2.0
206,46,management,service,{'need'},place and service,0.0,0.35353535353535354,0.3671497584541063,1.3333333333333333,2.0707070707070705,1.893719806763285
207,46,customer,service,{'need'},place and service,0.42857142857142855,0.35353535353535354,0.3671497584541063,2.5714285714285716,2.0707070707070705,1.893719806763285
208,46,other,other,{'need'},other,1.0,0.8359375,0.8359375,2.094736842105263,1.953125,1.953125
209,47,mess,situation,{'call'},place and service,0.0,0.36666666666666664,0.3671497584541063,1.0,1.6,1.893719806763285
210,47,time,service,{'call'},place and service,0.3,0.35353535353535354,0.3671497584541063,1.4,2.0707070707070705,1.893719806763285
211,47,other,other,{'call'},other,1.0,0.8359375,0.8359375,2.094736842105263,1.953125,1.953125
212,48,manager,service,"{'major', 'shift'}",place and service,0.42857142857142855,0.35353535353535354,0.3671497584541063,2.2857142857142856,2.0707070707070705,1.893719806763285
213,48,attitude,service,"{'major', 'shift'}",place and service,0.0,0.35353535353535354,0.3671497584541063,1.0,2.0707070707070705,1.893719806763285
214,48,wrong,situation,"{'major', 'shift'}",place and service,0.0,0.36666666666666664,0.3671497584541063,1.0,1.6,1.893719806763285
215,48,other,other,"{'major', 'shift'}",other,1.0,0.8359375,0.8359375,2.094736842105263,1.953125,1.953125
216,48,wait,situation,"{'major', 'shift'}",place and service,0.2,0.36666666666666664,0.3671497584541063,1.0,1.6,1.893719806763285
217,48,great,emotion,"{'major', 'shift'}",sentiment,1.0,0.6538461538461539,0.6538461538461539,3.5,2.6153846153846154,2.6153846153846154
218,48,day,situation,"{'major', 'shift'}",place and service,1.0,0.36666666666666664,0.3671497584541063,3.0,1.6,1.893719806763285
219,49,extra,other,"{'hair', 'stank', 'worker', 'reason'}",other,0.25,0.8359375,0.8359375,1.0,1.953125,1.953125
220,49,attitude,service,"{'hair', 'stank', 'worker', 'reason'}",place and service,0.0,0.35353535353535354,0.3671497584541063,1.0,2.0707070707070705,1.893719806763285
221,49,service,service,"{'hair', 'stank', 'worker', 'reason'}",place and service,0.4375,0.35353535353535354,0.3671497584541063,2.625,2.0707070707070705,1.893719806763285
222,49,long,situation,"{'hair', 'stank', 'worker', 'reason'}",place and service,0.2,0.36666666666666664,0.3671497584541063,1.6,1.6,1.893719806763285
223,49,happy,emotion,"{'hair', 'stank', 'worker', 'reason'}",sentiment,1.0,0.6538461538461539,0.6538461538461539,1.0,2.6153846153846154,2.6153846153846154
224,49,fry,food,"{'hair', 'stank', 'worker', 'reason'}",food and drink,0.45454545454545453,0.3516483516483517,0.3739130434782609,1.8181818181818181,2.0549450549450547,2.0
225,49,window,place,"{'hair', 'stank', 'worker', 'reason'}",place and service,0.2857142857142857,0.3958333333333333,0.3671497584541063,1.1428571428571428,1.8958333333333333,1.893719806763285
226,49,work,service,"{'hair', 'stank', 'worker', 'reason'}",place and service,0.0,0.35353535353535354,0.3671497584541063,1.0,2.0707070707070705,1.893719806763285
227,49,meal,food,"{'hair', 'stank', 'worker', 'reason'}",food and drink,0.7142857142857143,0.3516483516483517,0.3739130434782609,1.2857142857142858,2.0549450549450547,2.0
228,49,other,other,"{'hair', 'stank', 'worker', 'reason'}",other,1.0,0.8359375,0.8359375,2.094736842105263,1.953125,1.953125
229,49,horrible,emotion,"{'hair', 'stank', 'worker', 'reason'}",sentiment,0.0,0.6538461538461539,0.6538461538461539,1.0,2.6153846153846154,2.6153846153846154
230,49,phone,other,"{'hair', 'stank', 'worker', 'reason'}",other,0.0,0.8359375,0.8359375,1.0,1.953125,1.953125
231,50,location,place,{'last'},place and service,0.2727272727272727,0.3958333333333333,0.3671497584541063,2.1818181818181817,1.8958333333333333,1.893719806763285
232,50,location,service,{'last'},place and service,0.2727272727272727,0.35353535353535354,0.3671497584541063,2.1818181818181817,2.0707070707070705,1.893719806763285
233,50,hour,situation,{'last'},place and service,0.2,0.36666666666666664,0.3671497584541063,2.0,1.6,1.893719806763285
234,50,night,situation,{'last'},place and service,0.5,0.36666666666666664,0.3671497584541063,1.0,1.6,1.893719806763285
235,50,other,other,{'last'},other,1.0,0.8359375,0.8359375,2.094736842105263,1.953125,1.953125
236,50,order,food,{'last'},food and drink,0.23333333333333334,0.3516483516483517,0.3739130434782609,1.9,2.0549450549450547,2.0
237,50,line,situation,{'last'},place and service,0.25,0.36666666666666664,0.3671497584541063,1.75,1.6,1.893719806763285
238,51,cream,food,"{'oreo', 'different', 'mcflurry'}",food and drink,0.5,0.3516483516483517,0.3739130434782609,2.75,2.0549450549450547,2.0
239,51,cream,drink,"{'oreo', 'different', 'mcflurry'}",food and drink,0.5,0.4583333333333333,0.3739130434782609,2.75,1.7916666666666667,2.0
240,51,ice,drink,"{'oreo', 'different', 'mcflurry'}",food and drink,0.5,0.4583333333333333,0.3739130434782609,2.0,1.7916666666666667,2.0
241,51,mcdonalds,place,"{'oreo', 'different', 'mcflurry'}",place and service,0.5,0.3958333333333333,0.3671497584541063,1.75,1.8958333333333333,1.893719806763285
242,51,other,other,"{'oreo', 'different', 'mcflurry'}",other,1.0,0.8359375,0.8359375,2.094736842105263,1.953125,1.953125
243,52,rude,emotion,"{'cold', 'unprofessional', 'complimentary', 'negative', 'review', 'overcook'}",sentiment,0.0,0.6538461538461539,0.6538461538461539,1.0,2.6153846153846154,2.6153846153846154
244,52,attitude,service,"{'cold', 'unprofessional', 'complimentary', 'negative', 'review', 'overcook'}",place and service,0.0,0.35353535353535354,0.3671497584541063,1.0,2.0707070707070705,1.893719806763285
245,52,food,food,"{'cold', 'unprofessional', 'complimentary', 'negative', 'review', 'overcook'}",food and drink,0.5,0.3516483516483517,0.3739130434782609,2.7,2.0549450549450547,2.0
246,52,service,service,"{'cold', 'unprofessional', 'complimentary', 'negative', 'review', 'overcook'}",place and service,0.4375,0.35353535353535354,0.3671497584541063,2.625,2.0707070707070705,1.893719806763285
247,52,item,food,"{'cold', 'unprofessional', 'complimentary', 'negative', 'review', 'overcook'}",food and drink,0.4,0.3516483516483517,0.3739130434782609,1.4,2.0549450549450547,2.0
248,52,item,drink,"{'cold', 'unprofessional', 'complimentary', 'negative', 'review', 'overcook'}",food and drink,0.4,0.4583333333333333,0.3739130434782609,1.4,1.7916666666666667,2.0
249,52,job,other,"{'cold', 'unprofessional', 'complimentary', 'negative', 'review', 'overcook'}",other,0.75,0.8359375,0.8359375,2.0,1.953125,1.953125
250,52,customer,service,"{'cold', 'unprofessional', 'complimentary', 'negative', 'review', 'overcook'}",place and service,0.42857142857142855,0.35353535353535354,0.3671497584541063,2.5714285714285716,2.0707070707070705,1.893719806763285
251,52,other,other,"{'cold', 'unprofessional', 'complimentary', 'negative', 'review', 'overcook'}",other,1.0,0.8359375,0.8359375,2.094736842105263,1.953125,1.953125
252,53,order,food,"{'representative', 'pretend'}",food and drink,0.23333333333333334,0.3516483516483517,0.3739130434782609,1.9,2.0549450549450547,2.0
253,53,manager,service,"{'representative', 'pretend'}",place and service,0.42857142857142855,0.35353535353535354,0.3671497584541063,2.2857142857142856,2.0707070707070705,1.893719806763285
254,53,other,other,"{'representative', 'pretend'}",other,1.0,0.8359375,0.8359375,2.094736842105263,1.953125,1.953125
255,54,place,place,"{'finish', 'fast'}",place and service,0.625,0.3958333333333333,0.3671497584541063,2.75,1.8958333333333333,1.893719806763285
256,54,food,food,"{'finish', 'fast'}",food and drink,0.5,0.3516483516483517,0.3739130434782609,2.7,2.0549450549450547,2.0
257,54,order,food,"{'finish', 'fast'}",food and drink,0.23333333333333334,0.3516483516483517,0.3739130434782609,1.9,2.0549450549450547,2.0
258,54,other,other,"{'finish', 'fast'}",other,1.0,0.8359375,0.8359375,2.094736842105263,1.953125,1.953125
259,55,service,service,{'quick'},place and service,0.4375,0.35353535353535354,0.3671497584541063,2.625,2.0707070707070705,1.893719806763285
260,55,long,situation,{'quick'},place and service,0.2,0.36666666666666664,0.3671497584541063,1.6,1.6,1.893719806763285
261,55,great,emotion,{'quick'},sentiment,1.0,0.6538461538461539,0.6538461538461539,3.5,2.6153846153846154,2.6153846153846154
262,55,drive,place,{'quick'},place and service,0.5,0.3958333333333333,0.3671497584541063,1.75,1.8958333333333333,1.893719806763285
263,55,other,other,{'quick'},other,1.0,0.8359375,0.8359375,2.094736842105263,1.953125,1.953125
264,55,line,situation,{'quick'},place and service,0.25,0.36666666666666664,0.3671497584541063,1.75,1.6,1.893719806763285
265,56,good,emotion,{'guy'},sentiment,1.0,0.6538461538461539,0.6538461538461539,3.6,2.6153846153846154,2.6153846153846154
266,56,bad,emotion,{'guy'},sentiment,0.0,0.6538461538461539,0.6538461538461539,1.6666666666666667,2.6153846153846154,2.6153846153846154
267,56,other,other,{'guy'},other,1.0,0.8359375,0.8359375,2.094736842105263,1.953125,1.953125
268,57,food,food,"{'wrap', 'star', 'nvr'}",food and drink,0.5,0.3516483516483517,0.3739130434782609,2.7,2.0549450549450547,2.0
269,57,service,service,"{'wrap', 'star', 'nvr'}",place and service,0.4375,0.35353535353535354,0.3671497584541063,2.625,2.0707070707070705,1.893719806763285
270,57,customer,service,"{'wrap', 'star', 'nvr'}",place and service,0.42857142857142855,0.35353535353535354,0.3671497584541063,2.5714285714285716,2.0707070707070705,1.893719806763285
271,57,other,other,"{'wrap', 'star', 'nvr'}",other,1.0,0.8359375,0.8359375,2.094736842105263,1.953125,1.953125
272,57,line,situation,"{'wrap', 'star', 'nvr'}",place and service,0.25,0.36666666666666664,0.3671497584541063,1.75,1.6,1.893719806763285
273,58,one,other,set(),other,0.3333333333333333,0.8359375,0.8359375,1.0,1.953125,1.953125
274,58,order,food,set(),food and drink,0.23333333333333334,0.3516483516483517,0.3739130434782609,1.9,2.0549450549450547,2.0
275,58,hour,situation,set(),place and service,0.2,0.36666666666666664,0.3671497584541063,2.0,1.6,1.893719806763285
276,59,place,place,"{'eleventeen', 'teeth', 'clothes', 'open'}",place and service,0.625,0.3958333333333333,0.3671497584541063,2.75,1.8958333333333333,1.893719806763285
277,59,people,situation,"{'eleventeen', 'teeth', 'clothes', 'open'}",place and service,0.4,0.36666666666666664,0.3671497584541063,3.0,1.6,1.893719806763285
278,59,hour,situation,"{'eleventeen', 'teeth', 'clothes', 'open'}",place and service,0.2,0.36666666666666664,0.3671497584541063,2.0,1.6,1.893719806763285
279,59,other,other,"{'eleventeen', 'teeth', 'clothes', 'open'}",other,1.0,0.8359375,0.8359375,2.094736842105263,1.953125,1.953125
280,60,order,food,{'person'},food and drink,0.23333333333333334,0.3516483516483517,0.3739130434782609,1.9,2.0549450549450547,2.0
281,60,other,other,{'person'},other,1.0,0.8359375,0.8359375,2.094736842105263,1.953125,1.953125
282,61,other,other,"{'austin', 'research', 'blvd.in', 'north', 'tx'}",other,1.0,0.8359375,0.8359375,2.094736842105263,1.953125,1.953125
283,61,manager,service,"{'austin', 'research', 'blvd.in', 'north', 'tx'}",place and service,0.42857142857142855,0.35353535353535354,0.3671497584541063,2.2857142857142856,2.0707070707070705,1.893719806763285
284,61,time,service,"{'austin', 'research', 'blvd.in', 'north', 'tx'}",place and service,0.3,0.35353535353535354,0.3671497584541063,1.4,2.0707070707070705,1.893719806763285
285,61,3rd,other,"{'austin', 'research', 'blvd.in', 'north', 'tx'}",other,0.0,0.8359375,0.8359375,1.0,1.953125,1.953125
286,62,rude,emotion,"{'mother', 'woman', 'fat'}",sentiment,0.0,0.6538461538461539,0.6538461538461539,1.0,2.6153846153846154,2.6153846153846154
287,62,other,other,"{'mother', 'woman', 'fat'}",other,1.0,0.8359375,0.8359375,2.094736842105263,1.953125,1.953125
288,62,lady,service,"{'mother', 'woman', 'fat'}",place and service,0.16666666666666666,0.35353535353535354,0.3671497584541063,1.3333333333333333,2.0707070707070705,1.893719806763285
289,63,bag,other,"{'young', 'keep', 'second', 'huge', 'bit', 'little'}",other,0.3333333333333333,0.8359375,0.8359375,1.3333333333333333,1.953125,1.953125
290,63,lady,service,"{'young', 'keep', 'second', 'huge', 'bit', 'little'}",place and service,0.16666666666666666,0.35353535353535354,0.3671497584541063,1.3333333333333333,2.0707070707070705,1.893719806763285
291,63,issue,service,"{'young', 'keep', 'second', 'huge', 'bit', 'little'}",place and service,0.3333333333333333,0.35353535353535354,0.3671497584541063,1.6666666666666667,2.0707070707070705,1.893719806763285
292,63,item,food,"{'young', 'keep', 'second', 'huge', 'bit', 'little'}",food and drink,0.4,0.3516483516483517,0.3739130434782609,1.4,2.0549450549450547,2.0
293,63,item,drink,"{'young', 'keep', 'second', 'huge', 'bit', 'little'}",food and drink,0.4,0.4583333333333333,0.3739130434782609,1.4,1.7916666666666667,2.0
294,63,fry,food,"{'young', 'keep', 'second', 'huge', 'bit', 'little'}",food and drink,0.45454545454545453,0.3516483516483517,0.3739130434782609,1.8181818181818181,2.0549450549450547,2.0
295,63,window,place,"{'young', 'keep', 'second', 'huge', 'bit', 'little'}",place and service,0.2857142857142857,0.3958333333333333,0.3671497584541063,1.1428571428571428,1.8958333333333333,1.893719806763285
296,63,other,other,"{'young', 'keep', 'second', 'huge', 'bit', 'little'}",other,1.0,0.8359375,0.8359375,2.094736842105263,1.953125,1.953125
297,63,order,food,"{'young', 'keep', 'second', 'huge', 'bit', 'little'}",food and drink,0.23333333333333334,0.3516483516483517,0.3739130434782609,1.9,2.0549450549450547,2.0
298,64,location,place,"{'welcome', 'other', 'change'}",place and service,0.2727272727272727,0.3958333333333333,0.3671497584541063,2.1818181818181817,1.8958333333333333,1.893719806763285
299,64,location,service,"{'welcome', 'other', 'change'}",place and service,0.2727272727272727,0.35353535353535354,0.3671497584541063,2.1818181818181817,2.0707070707070705,1.893719806763285
300,64,price,service,"{'welcome', 'other', 'change'}",place and service,0.3333333333333333,0.35353535353535354,0.3671497584541063,3.0,2.0707070707070705,1.893719806763285
301,64,employee,service,"{'welcome', 'other', 'change'}",place and service,0.3333333333333333,0.35353535353535354,0.3671497584541063,1.6666666666666667,2.0707070707070705,1.893719806763285
302,64,other,other,"{'welcome', 'other', 'change'}",other,1.0,0.8359375,0.8359375,2.094736842105263,1.953125,1.953125
303,64,order,food,"{'welcome', 'other', 'change'}",food and drink,0.23333333333333334,0.3516483516483517,0.3739130434782609,1.9,2.0549450549450547,2.0
304,64,lot,other,"{'welcome', 'other', 'change'}",other,0.3333333333333333,0.8359375,0.8359375,2.6666666666666665,1.953125,1.953125
305,65,fry,food,"{'container', 'huge', 'room', 'dining', 'sauce', 'part'}",food and drink,0.45454545454545453,0.3516483516483517,0.3739130434782609,1.8181818181818181,2.0549450549450547,2.0
306,65,other,other,"{'container', 'huge', 'room', 'dining', 'sauce', 'part'}",other,1.0,0.8359375,0.8359375,2.094736842105263,1.953125,1.953125
307,66,drink,drink,"{'funky', 'dish', 'tea', 'soap', 'fountain'}",food and drink,0.16666666666666666,0.4583333333333333,0.3739130434782609,1.3333333333333333,1.7916666666666667,2.0
308,66,taste,other,"{'funky', 'dish', 'tea', 'soap', 'fountain'}",other,0.3333333333333333,0.8359375,0.8359375,2.0,1.953125,1.953125
309,66,issue,service,"{'funky', 'dish', 'tea', 'soap', 'fountain'}",place and service,0.3333333333333333,0.35353535353535354,0.3671497584541063,1.6666666666666667,2.0707070707070705,1.893719806763285
310,66,staff,service,"{'funky', 'dish', 'tea', 'soap', 'fountain'}",place and service,0.46153846153846156,0.35353535353535354,0.3671497584541063,2.6153846153846154,2.0707070707070705,1.893719806763285
311,66,other,other,"{'funky', 'dish', 'tea', 'soap', 'fountain'}",other,1.0,0.8359375,0.8359375,2.094736842105263,1.953125,1.953125
312,67,order,food,set(),food and drink,0.23333333333333334,0.3516483516483517,0.3739130434782609,1.9,2.0549450549450547,2.0
313,67,wrong,situation,set(),place and service,0.0,0.36666666666666664,0.3671497584541063,1.0,1.6,1.893719806763285
314,68,mcdonald,place,{'self'},place and service,0.3333333333333333,0.3958333333333333,0.3671497584541063,1.3333333333333333,1.8958333333333333,1.893719806763285
315,68,other,other,{'self'},other,1.0,0.8359375,0.8359375,2.094736842105263,1.953125,1.953125
316,69,mcdonalds,place,"{'connectivity', 'uber', 'tone'}",place and service,0.5,0.3958333333333333,0.3671497584541063,1.75,1.8958333333333333,1.893719806763285
317,69,issue,service,"{'connectivity', 'uber', 'tone'}",place and service,0.3333333333333333,0.35353535353535354,0.3671497584541063,1.6666666666666667,2.0707070707070705,1.893719806763285
318,69,other,other,"{'connectivity', 'uber', 'tone'}",other,1.0,0.8359375,0.8359375,2.094736842105263,1.953125,1.953125
319,69,order,food,"{'connectivity', 'uber', 'tone'}",food and drink,0.23333333333333334,0.3516483516483517,0.3739130434782609,1.9,2.0549450549450547,2.0
320,69,phone,other,"{'connectivity', 'uber', 'tone'}",other,0.0,0.8359375,0.8359375,1.0,1.953125,1.953125
321,70,drink,drink,"{'parent', 'single', 'unhealthy', 'ticket', 'bit', 'little', 'medium', 'sized'}",food and drink,0.16666666666666666,0.4583333333333333,0.3739130434782609,1.3333333333333333,1.7916666666666667,2.0
322,70,food,food,"{'parent', 'single', 'unhealthy', 'ticket', 'bit', 'little', 'medium', 'sized'}",food and drink,0.5,0.3516483516483517,0.3739130434782609,2.7,2.0549450549450547,2.0
323,70,fry,food,"{'parent', 'single', 'unhealthy', 'ticket', 'bit', 'little', 'medium', 'sized'}",food and drink,0.45454545454545453,0.3516483516483517,0.3739130434782609,1.8181818181818181,2.0549450549450547,2.0
324,70,large,situation,"{'parent', 'single', 'unhealthy', 'ticket', 'bit', 'little', 'medium', 'sized'}",place and service,0.8,0.36666666666666664,0.3671497584541063,1.0,1.6,1.893719806763285
325,70,meal,food,"{'parent', 'single', 'unhealthy', 'ticket', 'bit', 'little', 'medium', 'sized'}",food and drink,0.7142857142857143,0.3516483516483517,0.3739130434782609,1.2857142857142858,2.0549450549450547,2.0
326,70,other,other,"{'parent', 'single', 'unhealthy', 'ticket', 'bit', 'little', 'medium', 'sized'}",other,1.0,0.8359375,0.8359375,2.094736842105263,1.953125,1.953125
327,71,management,service,"{'jock', 'game', 'visit', 'money', 'play'}",place and service,0.0,0.35353535353535354,0.3671497584541063,1.3333333333333333,2.0707070707070705,1.893719806763285
328,71,service,service,"{'jock', 'game', 'visit', 'money', 'play'}",place and service,0.4375,0.35353535353535354,0.3671497584541063,2.625,2.0707070707070705,1.893719806763285
329,71,next,other,"{'jock', 'game', 'visit', 'money', 'play'}",other,0.5,0.8359375,0.8359375,1.5,1.953125,1.953125
330,71,night,situation,"{'jock', 'game', 'visit', 'money', 'play'}",place and service,0.5,0.36666666666666664,0.3671497584541063,1.0,1.6,1.893719806763285
331,71,staff,service,"{'jock', 'game', 'visit', 'money', 'play'}",place and service,0.46153846153846156,0.35353535353535354,0.3671497584541063,2.6153846153846154,2.0707070707070705,1.893719806763285
332,71,customer,service,"{'jock', 'game', 'visit', 'money', 'play'}",place and service,0.42857142857142855,0.35353535353535354,0.3671497584541063,2.5714285714285716,2.0707070707070705,1.893719806763285
333,71,other,other,"{'jock', 'game', 'visit', 'money', 'play'}",other,1.0,0.8359375,0.8359375,2.094736842105263,1.953125,1.953125
334,71,phone,other,"{'jock', 'game', 'visit', 'money', 'play'}",other,0.0,0.8359375,0.8359375,1.0,1.953125,1.953125
335,72,place,place,"{'cashier', 'affordable'}",place and service,0.625,0.3958333333333333,0.3671497584541063,2.75,1.8958333333333333,1.893719806763285
336,72,food,food,"{'cashier', 'affordable'}",food and drink,0.5,0.3516483516483517,0.3739130434782609,2.7,2.0549450549450547,2.0
337,72,price,service,"{'cashier', 'affordable'}",place and service,0.3333333333333333,0.35353535353535354,0.3671497584541063,3.0,2.0707070707070705,1.893719806763285
338,72,fry,food,"{'cashier', 'affordable'}",food and drink,0.45454545454545453,0.3516483516483517,0.3739130434782609,1.8181818181818181,2.0549450549450547,2.0
339,72,nugget,food,"{'cashier', 'affordable'}",food and drink,0.0,0.3516483516483517,0.3739130434782609,1.6666666666666667,2.0549450549450547,2.0
340,72,good,emotion,"{'cashier', 'affordable'}",sentiment,1.0,0.6538461538461539,0.6538461538461539,3.6,2.6153846153846154,2.6153846153846154
341,72,other,other,"{'cashier', 'affordable'}",other,1.0,0.8359375,0.8359375,2.094736842105263,1.953125,1.953125
342,73,other,other,"{'silence', 'total'}",other,1.0,0.8359375,0.8359375,2.094736842105263,1.953125,1.953125
343,74,window,place,"{'trouble', 'dozen', 'soda', 'second'}",place and service,0.2857142857142857,0.3958333333333333,0.3671497584541063,1.1428571428571428,1.8958333333333333,1.893719806763285
344,74,other,other,"{'trouble', 'dozen', 'soda', 'second'}",other,1.0,0.8359375,0.8359375,2.094736842105263,1.953125,1.953125
345,75,bag,other,"{'nothing', 'wrapper', 'face', 'cheese', 'hamburger'}",other,0.3333333333333333,0.8359375,0.8359375,1.3333333333333333,1.953125,1.953125
346,75,other,other,"{'nothing', 'wrapper', 'face', 'cheese', 'hamburger'}",other,1.0,0.8359375,0.8359375,2.094736842105263,1.953125,1.953125
347,76,location,place,"{'something', 'buyer', 'love', 'incorrect', 'mistake'}",place and service,0.2727272727272727,0.3958333333333333,0.3671497584541063,2.1818181818181817,1.8958333333333333,1.893719806763285
348,76,location,service,"{'something', 'buyer', 'love', 'incorrect', 'mistake'}",place and service,0.2727272727272727,0.35353535353535354,0.3671497584541063,2.1818181818181817,2.0707070707070705,1.893719806763285
349,76,item,food,"{'something', 'buyer', 'love', 'incorrect', 'mistake'}",food and drink,0.4,0.3516483516483517,0.3739130434782609,1.4,2.0549450549450547,2.0
350,76,item,drink,"{'something', 'buyer', 'love', 'incorrect', 'mistake'}",food and drink,0.4,0.4583333333333333,0.3739130434782609,1.4,1.7916666666666667,2.0
351,76,order,food,"{'something', 'buyer', 'love', 'incorrect', 'mistake'}",food and drink,0.23333333333333334,0.3516483516483517,0.3739130434782609,1.9,2.0549450549450547,2.0
352,76,other,other,"{'something', 'buyer', 'love', 'incorrect', 'mistake'}",other,1.0,0.8359375,0.8359375,2.094736842105263,1.953125,1.953125
353,77,location,place,"{'creek', 'quick', 'most', 'lake', 'bite'}",place and service,0.2727272727272727,0.3958333333333333,0.3671497584541063,2.1818181818181817,1.8958333333333333,1.893719806763285
354,77,location,service,"{'creek', 'quick', 'most', 'lake', 'bite'}",place and service,0.2727272727272727,0.35353535353535354,0.3671497584541063,2.1818181818181817,2.0707070707070705,1.893719806763285
355,77,place,place,"{'creek', 'quick', 'most', 'lake', 'bite'}",place and service,0.625,0.3958333333333333,0.3671497584541063,2.75,1.8958333333333333,1.893719806763285
356,77,service,service,"{'creek', 'quick', 'most', 'lake', 'bite'}",place and service,0.4375,0.35353535353535354,0.3671497584541063,2.625,2.0707070707070705,1.893719806763285
357,77,good,emotion,"{'creek', 'quick', 'most', 'lake', 'bite'}",sentiment,1.0,0.6538461538461539,0.6538461538461539,3.6,2.6153846153846154,2.6153846153846154
358,77,other,other,"{'creek', 'quick', 'most', 'lake', 'bite'}",other,1.0,0.8359375,0.8359375,2.094736842105263,1.953125,1.953125
359,78,food,food,{'cashier'},food and drink,0.5,0.3516483516483517,0.3739130434782609,2.7,2.0549450549450547,2.0
360,78,other,other,{'cashier'},other,1.0,0.8359375,0.8359375,2.094736842105263,1.953125,1.953125
361,79,manager,service,{'satisfied'},place and service,0.42857142857142855,0.35353535353535354,0.3671497584541063,2.2857142857142856,2.0707070707070705,1.893719806763285
362,79,service,service,{'satisfied'},place and service,0.4375,0.35353535353535354,0.3671497584541063,2.625,2.0707070707070705,1.893719806763285
363,79,customer,service,{'satisfied'},place and service,0.42857142857142855,0.35353535353535354,0.3671497584541063,2.5714285714285716,2.0707070707070705,1.893719806763285
364,79,other,other,{'satisfied'},other,1.0,0.8359375,0.8359375,2.094736842105263,1.953125,1.953125
365,79,great,emotion,{'satisfied'},sentiment,1.0,0.6538461538461539,0.6538461538461539,3.5,2.6153846153846154,2.6153846153846154
366,80,drive,place,set(),place and service,0.5,0.3958333333333333,0.3671497584541063,1.75,1.8958333333333333,1.893719806763285
367,81,manager,service,"{'help', 'evening', 'everytime', 'nice', 'way', 'proper', 'person'}",place and service,0.42857142857142855,0.35353535353535354,0.3671497584541063,2.2857142857142856,2.0707070707070705,1.893719806763285
368,81,sandwich,food,"{'help', 'evening', 'everytime', 'nice', 'way', 'proper', 'person'}",food and drink,0.0,0.3516483516483517,0.3739130434782609,3.0,2.0549450549450547,2.0
369,81,crew,service,"{'help', 'evening', 'everytime', 'nice', 'way', 'proper', 'person'}",place and service,1.0,0.35353535353535354,0.3671497584541063,2.5,2.0707070707070705,1.893719806763285
370,81,other,other,"{'help', 'evening', 'everytime', 'nice', 'way', 'proper', 'person'}",other,1.0,0.8359375,0.8359375,2.094736842105263,1.953125,1.953125
371,81,order,food,"{'help', 'evening', 'everytime', 'nice', 'way', 'proper', 'person'}",food and drink,0.23333333333333334,0.3516483516483517,0.3739130434782609,1.9,2.0549450549450547,2.0
372,81,new,other,"{'help', 'evening', 'everytime', 'nice', 'way', 'proper', 'person'}",other,0.75,0.8359375,0.8359375,2.0,1.953125,1.953125
373,82,location,place,"{'manner', 'preferred', 'entrance', 'timely'}",place and service,0.2727272727272727,0.3958333333333333,0.3671497584541063,2.1818181818181817,1.8958333333333333,1.893719806763285
374,82,location,service,"{'manner', 'preferred', 'entrance', 'timely'}",place and service,0.2727272727272727,0.35353535353535354,0.3671497584541063,2.1818181818181817,2.0707070707070705,1.893719806763285
375,82,food,food,"{'manner', 'preferred', 'entrance', 'timely'}",food and drink,0.5,0.3516483516483517,0.3739130434782609,2.7,2.0549450549450547,2.0
376,82,staff,service,"{'manner', 'preferred', 'entrance', 'timely'}",place and service,0.46153846153846156,0.35353535353535354,0.3671497584541063,2.6153846153846154,2.0707070707070705,1.893719806763285
377,82,other,other,"{'manner', 'preferred', 'entrance', 'timely'}",other,1.0,0.8359375,0.8359375,2.094736842105263,1.953125,1.953125
378,83,other,other,"{'attendant', 'scream'}",other,1.0,0.8359375,0.8359375,2.094736842105263,1.953125,1.953125
379,84,food,food,"{'period', 'fresher'}",food and drink,0.5,0.3516483516483517,0.3739130434782609,2.7,2.0549450549450547,2.0
380,84,normal,situation,"{'period', 'fresher'}",place and service,1.0,0.36666666666666664,0.3671497584541063,1.6666666666666667,1.6,1.893719806763285
381,84,meal,food,"{'period', 'fresher'}",food and drink,0.7142857142857143,0.3516483516483517,0.3739130434782609,1.2857142857142858,2.0549450549450547,2.0
382,84,other,other,"{'period', 'fresher'}",other,1.0,0.8359375,0.8359375,2.094736842105263,1.953125,1.953125
383,84,regular,situation,"{'period', 'fresher'}",place and service,0.5,0.36666666666666664,0.3671497584541063,2.0,1.6,1.893719806763285
384,84,regular,service,"{'period', 'fresher'}",place and service,0.5,0.35353535353535354,0.3671497584541063,2.0,2.0707070707070705,1.893719806763285
385,84,store,place,"{'period', 'fresher'}",place and service,0.5,0.3958333333333333,0.3671497584541063,2.0,1.8958333333333333,1.893719806763285
386,85,best,emotion,"{'shop', 'machine'}",sentiment,1.0,0.6538461538461539,0.6538461538461539,4.0,2.6153846153846154,2.6153846153846154
387,85,coffee,drink,"{'shop', 'machine'}",food and drink,1.0,0.4583333333333333,0.3739130434782609,2.3333333333333335,1.7916666666666667,2.0
388,85,good,emotion,"{'shop', 'machine'}",sentiment,1.0,0.6538461538461539,0.6538461538461539,3.6,2.6153846153846154,2.6153846153846154
389,85,other,other,"{'shop', 'machine'}",other,1.0,0.8359375,0.8359375,2.094736842105263,1.953125,1.953125
390,85,great,emotion,"{'shop', 'machine'}",sentiment,1.0,0.6538461538461539,0.6538461538461539,3.5,2.6153846153846154,2.6153846153846154
391,85,day,situation,"{'shop', 'machine'}",place and service,1.0,0.36666666666666664,0.3671497584541063,3.0,1.6,1.893719806763285
392,85,time,service,"{'shop', 'machine'}",place and service,0.3,0.35353535353535354,0.3671497584541063,1.4,2.0707070707070705,1.893719806763285
393,86,location,place,{'yourselves'},place and service,0.2727272727272727,0.3958333333333333,0.3671497584541063,2.1818181818181817,1.8958333333333333,1.893719806763285
394,86,location,service,{'yourselves'},place and service,0.2727272727272727,0.35353535353535354,0.3671497584541063,2.1818181818181817,2.0707070707070705,1.893719806763285
395,86,place,place,{'yourselves'},place and service,0.625,0.3958333333333333,0.3671497584541063,2.75,1.8958333333333333,1.893719806763285
396,86,service,service,{'yourselves'},place and service,0.4375,0.35353535353535354,0.3671497584541063,2.625,2.0707070707070705,1.893719806763285
397,86,hour,situation,{'yourselves'},place and service,0.2,0.36666666666666664,0.3671497584541063,2.0,1.6,1.893719806763285
398,86,other,other,{'yourselves'},other,1.0,0.8359375,0.8359375,2.094736842105263,1.953125,1.953125
399,86,order,food,{'yourselves'},food and drink,0.23333333333333334,0.3516483516483517,0.3739130434782609,1.9,2.0549450549450547,2.0
400,86,great,emotion,{'yourselves'},sentiment,1.0,0.6538461538461539,0.6538461538461539,3.5,2.6153846153846154,2.6153846153846154
401,87,happy,emotion,"{'cheeseburger', 'grandkids', 'plain'}",sentiment,1.0,0.6538461538461539,0.6538461538461539,1.0,2.6153846153846154,2.6153846153846154
402,87,burger,food,"{'cheeseburger', 'grandkids', 'plain'}",food and drink,0.3333333333333333,0.3516483516483517,0.3739130434782609,1.0,2.0549450549450547,2.0
403,87,meal,food,"{'cheeseburger', 'grandkids', 'plain'}",food and drink,0.7142857142857143,0.3516483516483517,0.3739130434782609,1.2857142857142858,2.0549450549450547,2.0
404,87,other,other,"{'cheeseburger', 'grandkids', 'plain'}",other,1.0,0.8359375,0.8359375,2.094736842105263,1.953125,1.953125
405,88,mcdonalds,place,"{'company', 'fast', 'kitchen', 'robot'}",place and service,0.5,0.3958333333333333,0.3671497584541063,1.75,1.8958333333333333,1.893719806763285
406,88,food,food,"{'company', 'fast', 'kitchen', 'robot'}",food and drink,0.5,0.3516483516483517,0.3739130434782609,2.7,2.0549450549450547,2.0
407,88,staff,service,"{'company', 'fast', 'kitchen', 'robot'}",place and service,0.46153846153846156,0.35353535353535354,0.3671497584541063,2.6153846153846154,2.0707070707070705,1.893719806763285
408,88,job,other,"{'company', 'fast', 'kitchen', 'robot'}",other,0.75,0.8359375,0.8359375,2.0,1.953125,1.953125
409,88,other,other,"{'company', 'fast', 'kitchen', 'robot'}",other,1.0,0.8359375,0.8359375,2.094736842105263,1.953125,1.953125
410,88,line,situation,"{'company', 'fast', 'kitchen', 'robot'}",place and service,0.25,0.36666666666666664,0.3671497584541063,1.75,1.6,1.893719806763285
411,89,manager,service,"{'shove', 'complete', 'single'}",place and service,0.42857142857142855,0.35353535353535354,0.3671497584541063,2.2857142857142856,2.0707070707070705,1.893719806763285
412,89,one,other,"{'shove', 'complete', 'single'}",other,0.3333333333333333,0.8359375,0.8359375,1.0,1.953125,1.953125
413,89,mcdonalds,place,"{'shove', 'complete', 'single'}",place and service,0.5,0.3958333333333333,0.3671497584541063,1.75,1.8958333333333333,1.893719806763285
414,89,wrong,situation,"{'shove', 'complete', 'single'}",place and service,0.0,0.36666666666666664,0.3671497584541063,1.0,1.6,1.893719806763285
415,89,window,place,"{'shove', 'complete', 'single'}",place and service,0.2857142857142857,0.3958333333333333,0.3671497584541063,1.1428571428571428,1.8958333333333333,1.893719806763285
416,89,other,other,"{'shove', 'complete', 'single'}",other,1.0,0.8359375,0.8359375,2.094736842105263,1.953125,1.953125
417,89,order,food,"{'shove', 'complete', 'single'}",food and drink,0.23333333333333334,0.3516483516483517,0.3739130434782609,1.9,2.0549450549450547,2.0
418,89,time,service,"{'shove', 'complete', 'single'}",place and service,0.3,0.35353535353535354,0.3671497584541063,1.4,2.0707070707070705,1.893719806763285
419,89,new,other,"{'shove', 'complete', 'single'}",other,0.75,0.8359375,0.8359375,2.0,1.953125,1.953125
420,90,extra,other,"{'team', 'difference'}",other,0.25,0.8359375,0.8359375,1.0,1.953125,1.953125
421,90,food,food,"{'team', 'difference'}",food and drink,0.5,0.3516483516483517,0.3739130434782609,2.7,2.0549450549450547,2.0
422,90,night,situation,"{'team', 'difference'}",place and service,0.5,0.36666666666666664,0.3671497584541063,1.0,1.6,1.893719806763285
423,90,window,place,"{'team', 'difference'}",place and service,0.2857142857142857,0.3958333333333333,0.3671497584541063,1.1428571428571428,1.8958333333333333,1.893719806763285
424,90,fry,food,"{'team', 'difference'}",food and drink,0.45454545454545453,0.3516483516483517,0.3739130434782609,1.8181818181818181,2.0549450549450547,2.0
425,90,meal,food,"{'team', 'difference'}",food and drink,0.7142857142857143,0.3516483516483517,0.3739130434782609,1.2857142857142858,2.0549450549450547,2.0
426,90,other,other,"{'team', 'difference'}",other,1.0,0.8359375,0.8359375,2.094736842105263,1.953125,1.953125
427,90,time,service,"{'team', 'difference'}",place and service,0.3,0.35353535353535354,0.3671497584541063,1.4,2.0707070707070705,1.893719806763285
428,91,location,place,"{'number', 'youd', 'suck', 'lesson'}",place and service,0.2727272727272727,0.3958333333333333,0.3671497584541063,2.1818181818181817,1.8958333333333333,1.893719806763285
429,91,location,service,"{'number', 'youd', 'suck', 'lesson'}",place and service,0.2727272727272727,0.35353535353535354,0.3671497584541063,2.1818181818181817,2.0707070707070705,1.893719806763285
430,91,drive,place,"{'number', 'youd', 'suck', 'lesson'}",place and service,0.5,0.3958333333333333,0.3671497584541063,1.75,1.8958333333333333,1.893719806763285
431,91,3rd,other,"{'number', 'youd', 'suck', 'lesson'}",other,0.0,0.8359375,0.8359375,1.0,1.953125,1.953125
432,91,other,other,"{'number', 'youd', 'suck', 'lesson'}",other,1.0,0.8359375,0.8359375,2.094736842105263,1.953125,1.953125
433,91,mess,situation,"{'number', 'youd', 'suck', 'lesson'}",place and service,0.0,0.36666666666666664,0.3671497584541063,1.0,1.6,1.893719806763285
434,91,time,service,"{'number', 'youd', 'suck', 'lesson'}",place and service,0.3,0.35353535353535354,0.3671497584541063,1.4,2.0707070707070705,1.893719806763285
435,92,regular,situation,"{'worst', 'size', 'ground'}",place and service,0.5,0.36666666666666664,0.3671497584541063,2.0,1.6,1.893719806763285
436,92,regular,service,"{'worst', 'size', 'ground'}",place and service,0.5,0.35353535353535354,0.3671497584541063,2.0,2.0707070707070705,1.893719806763285
437,92,coffee,drink,"{'worst', 'size', 'ground'}",food and drink,1.0,0.4583333333333333,0.3739130434782609,2.3333333333333335,1.7916666666666667,2.0
438,92,experience,service,"{'worst', 'size', 'ground'}",place and service,0.3333333333333333,0.35353535353535354,0.3671497584541063,1.0,2.0707070707070705,1.893719806763285
439,92,other,other,"{'worst', 'size', 'ground'}",other,1.0,0.8359375,0.8359375,2.094736842105263,1.953125,1.953125
440,93,one,other,"{'attempt', 'attention', 'sign'}",other,0.3333333333333333,0.8359375,0.8359375,1.0,1.953125,1.953125
441,93,employee,service,"{'attempt', 'attention', 'sign'}",place and service,0.3333333333333333,0.35353535353535354,0.3671497584541063,1.6666666666666667,2.0707070707070705,1.893719806763285
442,93,other,other,"{'attempt', 'attention', 'sign'}",other,1.0,0.8359375,0.8359375,2.094736842105263,1.953125,1.953125
443,94,place,place,"{'kiosk', 'someone', 'number'}",place and service,0.625,0.3958333333333333,0.3671497584541063,2.75,1.8958333333333333,1.893719806763285
444,94,food,food,"{'kiosk', 'someone', 'number'}",food and drink,0.5,0.3516483516483517,0.3739130434782609,2.7,2.0549450549450547,2.0
445,94,other,other,"{'kiosk', 'someone', 'number'}",other,1.0,0.8359375,0.8359375,2.094736842105263,1.953125,1.953125
446,95,other,other,"{'counter', 'raw'}",other,1.0,0.8359375,0.8359375,2.094736842105263,1.953125,1.953125
447,95,burger,food,"{'counter', 'raw'}",food and drink,0.3333333333333333,0.3516483516483517,0.3739130434782609,1.0,2.0549450549450547,2.0
448,95,lady,service,"{'counter', 'raw'}",place and service,0.16666666666666666,0.35353535353535354,0.3671497584541063,1.3333333333333333,2.0707070707070705,1.893719806763285
449,96,management,service,"{'manor', 'corporate', 'basic', 'ethic', 'need'}",place and service,0.0,0.35353535353535354,0.3671497584541063,1.3333333333333333,2.0707070707070705,1.893719806763285
450,96,staff,service,"{'manor', 'corporate', 'basic', 'ethic', 'need'}",place and service,0.46153846153846156,0.35353535353535354,0.3671497584541063,2.6153846153846154,2.0707070707070705,1.893719806763285
451,96,work,service,"{'manor', 'corporate', 'basic', 'ethic', 'need'}",place and service,0.0,0.35353535353535354,0.3671497584541063,1.0,2.0707070707070705,1.893719806763285
452,96,other,other,"{'manor', 'corporate', 'basic', 'ethic', 'need'}",other,1.0,0.8359375,0.8359375,2.094736842105263,1.953125,1.953125
453,96,time,service,"{'manor', 'corporate', 'basic', 'ethic', 'need'}",place and service,0.3,0.35353535353535354,0.3671497584541063,1.4,2.0707070707070705,1.893719806763285
454,97,food,food,{'microphone'},food and drink,0.5,0.3516483516483517,0.3739130434782609,2.7,2.0549450549450547,2.0
455,97,employee,service,{'microphone'},place and service,0.3333333333333333,0.35353535353535354,0.3671497584541063,1.6666666666666667,2.0707070707070705,1.893719806763285
456,97,other,other,{'microphone'},other,1.0,0.8359375,0.8359375,2.094736842105263,1.953125,1.953125
457,97,order,food,{'microphone'},food and drink,0.23333333333333334,0.3516483516483517,0.3739130434782609,1.9,2.0549450549450547,2.0
458,97,mess,situation,{'microphone'},place and service,0.0,0.36666666666666664,0.3671497584541063,1.0,1.6,1.893719806763285
459,98,rude,emotion,set(),sentiment,0.0,0.6538461538461539,0.6538461538461539,1.0,2.6153846153846154,2.6153846153846154
460,98,location,place,set(),place and service,0.2727272727272727,0.3958333333333333,0.3671497584541063,2.1818181818181817,1.8958333333333333,1.893719806763285
461,98,location,service,set(),place and service,0.2727272727272727,0.35353535353535354,0.3671497584541063,2.1818181818181817,2.0707070707070705,1.893719806763285
462,98,place,place,set(),place and service,0.625,0.3958333333333333,0.3671497584541063,2.75,1.8958333333333333,1.893719806763285
463,98,service,service,set(),place and service,0.4375,0.35353535353535354,0.3671497584541063,2.625,2.0707070707070705,1.893719806763285
464,98,wrong,situation,set(),place and service,0.0,0.36666666666666664,0.3671497584541063,1.0,1.6,1.893719806763285
465,98,order,food,set(),food and drink,0.23333333333333334,0.3516483516483517,0.3739130434782609,1.9,2.0549450549450547,2.0
466,99,cream,food,{'allways'},food and drink,0.5,0.3516483516483517,0.3739130434782609,2.75,2.0549450549450547,2.0
467,99,cream,drink,{'allways'},food and drink,0.5,0.4583333333333333,0.3739130434782609,2.75,1.7916666666666667,2.0
468,99,ice,drink,{'allways'},food and drink,0.5,0.4583333333333333,0.3739130434782609,2.0,1.7916666666666667,2.0
469,99,best,emotion,{'allways'},sentiment,1.0,0.6538461538461539,0.6538461538461539,4.0,2.6153846153846154,2.6153846153846154
470,99,fry,food,{'allways'},food and drink,0.45454545454545453,0.3516483516483517,0.3739130434782609,1.8181818181818181,2.0549450549450547,2.0
471,99,other,other,{'allways'},other,1.0,0.8359375,0.8359375,2.094736842105263,1.953125,1.953125
472,100,order,food,{'english'},food and drink,0.23333333333333334,0.3516483516483517,0.3739130434782609,1.9,2.0549450549450547,2.0
473,100,people,situation,{'english'},place and service,0.4,0.36666666666666664,0.3671497584541063,3.0,1.6,1.893719806763285
474,100,mcdonalds,place,{'english'},place and service,0.5,0.3958333333333333,0.3671497584541063,1.75,1.8958333333333333,1.893719806763285
475,100,other,other,{'english'},other,1.0,0.8359375,0.8359375,2.094736842105263,1.953125,1.953125
